model_key,quantization,task,passed,text
q4_k_m,Q4_K_M,capital,True,巴黎
q4_k_m,Q4_K_M,arithmetic,False,32
q4_k_m,Q4_K_M,binary-search,True,二分查找（Binary Search）是一种在有序数据集中查找特定元素的算法。它通过将数据分成两半来实现，每次只比较两半之间的元素，从而在最坏情况下（即在数据完全有序时）需要进行O(log n)次比较。二分查找的时间复杂度主要由数据的大小决定，对于完全有序的数据，时间复杂度为O(log n)。对于不完全有序的数据，时间复杂度可能为
q4_k_m,Q4_K_M,process-thread,False,在同一个进程中的线程共享的资源包括：  1. 地址空间：地址空间是线程共享资源的物理空间，它包括线程的地址空间和线程的内存空间。线程的地址空间是线程的内存空间的一部分，它包括线程的地址空间和线程的内存空间。线程的地址空间是线程的内存空间的一部分，它包括线程的地址空间和线程的内存空间
q4_k_m,Q4_K_M,kv-cache,False,KV Cache（键值对缓存）的大小通常会随着上下文长度的增加而增加。这是因为KV Cache的大小是根据当前的上下文长度来决定的。当上下文长度增加时，新的数据块会被添加到缓存中，而旧的数据块会被删除。因此，缓存的大小会相应地增加。  具体来说，当上下文长度增加时，缓存的大小会增加。这是因为缓存的大小是
q8_0,Q8_0,capital,True,巴黎
q8_0,Q8_0,arithmetic,False,32
q8_0,Q8_0,binary-search,False,二分查找的关键条件是：数组的长度是偶数，且数组中的元素是有序的。如果数组的长度是奇数，或者数组中的元素是无序的，那么二分查找就无法实现。  二分查找的时间复杂度是O(log n)，其中n是数组的长度。这是因为每次查找都将数组的一半元素放入有序部分，直到找到目标值。
q8_0,Q8_0,process-thread,False,在操作系统中，同一进程中的线程共享的资源包括：  1. 地址空间：    - 程序的地址空间：这是线程共享的唯一地址空间，用于存储线程的地址。    - 线程的地址空间：每个线程都有自己的地址空间，用于存储线程的地址和数据。  2. 打开文件：    - 程序的文件系统：这是线程共享的
q8_0,Q8_0,kv-cache,False,KV Cache（键值对缓存）的大小通常随着上下文长度的增加而增加。这是因为KV Cache的设计初衷是为了解决内存不足的问题，当内存不足时，KV Cache会自动扩展以容纳更多的数据。具体来说，KV Cache的大小通常会随着上下文长度的增加而增加，因为：  1. **内存不足**：当内存不足时，KV Cache会自动扩展以容纳更多的数据。这使得KV Cache的
fp16,F16,capital,True,巴黎
fp16,F16,arithmetic,False,32
fp16,F16,binary-search,False,二分查找的关键条件是：数组的长度是偶数，且数组中的元素是可比较的。如果数组的长度是奇数，或者数组中的元素是不可比较的，那么二分查找就无法进行，因为无法确定数组的中间元素是大于还是小于。  二分查找的时间复杂度是O(log n)，其中n是数组的长度。这是因为每次查找都将数组的长度减半，直到找到目标值。
fp16,F16,process-thread,False,在操作系统中，同一进程中的线程共享的资源包括：  1. 地址空间：地址空间是操作系统中所有进程共享的内存空间。每个进程都有自己的地址空间，但它们共享相同的内存空间。地址空间的大小通常为1GB。  2. 打开文件：打开文件是操作系统中进程与文件系统交互的机制。每个进程都有自己的文件系统，但它们共享相同的文件系统。打开文件的大小通常为
fp16,F16,kv-cache,False,KV Cache（键值对缓存）的大小通常会随着上下文长度的增加而增加。这是因为KV Cache的设计初衷是为了解决内存不足的问题，当内存不足时，缓存中的数据会自动被从内存中移除，以释放更多的内存给其他应用使用。  具体来说，KV Cache的大小通常与缓存中的键和值的数量成正比。当缓存中的键和值数量增加时，缓存的
