scenario,seed,policy,eviction_penalty,requests,prefill_tokens_total,prefill_tokens_p95,cache_hit_ratio,evicted_tokens_total
high-revisit-long,0,LRU,0.0,1000.0,401947.0,944.049999999999,0.11750383124097079,400422.0
high-revisit-long,0,upstream-LCP,0.0,1000.0,296354.0,862.1499999999999,0.3493389188216025,294829.0
high-revisit-long,0,cost-aware-0.25,0.25,1000.0,354889.0,850.3499999999997,0.22082219089899136,350058.0
high-revisit-long,0,cost-aware-0.5,0.5,1000.0,354889.0,850.3499999999997,0.22082219089899136,350058.0
high-revisit-long,0,cost-aware-1.0,1.0,1000.0,354889.0,850.3499999999997,0.22082219089899136,350058.0
high-revisit-long,1,LRU,0.0,1000.0,452155.0,1143.3499999999997,0.11482223227167991,450433.0
high-revisit-long,1,upstream-LCP,0.0,1000.0,331252.0,983.3999999999996,0.35151241075396383,329530.0
high-revisit-long,1,cost-aware-0.25,0.25,1000.0,390740.0,965.5499999999995,0.2350535525159209,384603.0
high-revisit-long,1,cost-aware-0.5,0.5,1000.0,390740.0,965.5499999999995,0.2350535525159209,384603.0
high-revisit-long,1,cost-aware-1.0,1.0,1000.0,390740.0,965.5499999999995,0.2350535525159209,384603.0
high-revisit-long,2,LRU,0.0,1000.0,395741.0,966.2499999999998,0.11770318927174023,394488.0
high-revisit-long,2,upstream-LCP,0.0,1000.0,289868.0,854.0,0.3537449697348033,288355.0
high-revisit-long,2,cost-aware-0.25,0.25,1000.0,350153.0,881.0,0.21934074263992775,345050.0
high-revisit-long,2,cost-aware-0.5,0.5,1000.0,350153.0,881.0,0.21934074263992775,345050.0
high-revisit-long,2,cost-aware-1.0,1.0,1000.0,350153.0,881.0,0.21934074263992775,345050.0
high-revisit-long,3,LRU,0.0,1000.0,456044.0,1088.05,0.10810800239379491,453252.0
high-revisit-long,3,upstream-LCP,0.0,1000.0,313488.0,925.05,0.386906880595789,310954.0
high-revisit-long,3,cost-aware-0.25,0.25,1000.0,393745.0,983.2999999999997,0.22994707835766895,387756.0
high-revisit-long,3,cost-aware-0.5,0.5,1000.0,393745.0,983.2999999999997,0.22994707835766895,387756.0
high-revisit-long,3,cost-aware-1.0,1.0,1000.0,393745.0,983.2999999999997,0.22994707835766895,387756.0
high-revisit-long,4,LRU,0.0,1000.0,468927.0,1163.05,0.12046943108583603,466916.0
high-revisit-long,4,upstream-LCP,0.0,1000.0,325865.0,955.0,0.38879990096707157,324240.0
high-revisit-long,4,cost-aware-0.25,0.25,1000.0,370337.0,946.2499999999998,0.3053871662327724,362574.0
high-revisit-long,4,cost-aware-0.5,0.5,1000.0,370337.0,946.2499999999998,0.3053871662327724,362574.0
high-revisit-long,4,cost-aware-1.0,1.0,1000.0,370337.0,946.2499999999998,0.3053871662327724,362574.0
high-revisit-long,5,LRU,0.0,1000.0,428793.0,1059.4499999999996,0.12734144137543654,427563.0
high-revisit-long,5,upstream-LCP,0.0,1000.0,318119.0,952.0999999999999,0.35257975757279736,316889.0
high-revisit-long,5,cost-aware-0.25,0.25,1000.0,390719.0,990.1999999999998,0.20482778551135208,385739.0
high-revisit-long,5,cost-aware-0.5,0.5,1000.0,390719.0,990.1999999999998,0.20482778551135208,385739.0
high-revisit-long,5,cost-aware-1.0,1.0,1000.0,390719.0,990.1999999999998,0.20482778551135208,385739.0
high-revisit-long,6,LRU,0.0,1000.0,385369.0,881.05,0.11872550230284071,384238.0
high-revisit-long,6,upstream-LCP,0.0,1000.0,287515.0,826.05,0.34250124632391615,286384.0
high-revisit-long,6,cost-aware-0.25,0.25,1000.0,362248.0,848.05,0.17159936517519428,358357.0
high-revisit-long,6,cost-aware-0.5,0.5,1000.0,362248.0,848.05,0.17159936517519428,358357.0
high-revisit-long,6,cost-aware-1.0,1.0,1000.0,362248.0,848.05,0.17159936517519428,358357.0
high-revisit-long,7,LRU,0.0,1000.0,518551.0,1443.2999999999997,0.16498768135778813,516486.0
high-revisit-long,7,upstream-LCP,0.0,1000.0,313493.0,958.099999999999,0.4951884832772419,311428.0
high-revisit-long,7,cost-aware-0.25,0.25,1000.0,382672.0,1033.0,0.38379092124120384,372926.0
high-revisit-long,7,cost-aware-0.5,0.5,1000.0,382672.0,1033.0,0.38379092124120384,372926.0
high-revisit-long,7,cost-aware-1.0,1.0,1000.0,382672.0,1033.0,0.38379092124120384,372926.0
high-revisit-long,8,LRU,0.0,1000.0,442272.0,1041.5999999999995,0.0925911108101953,440689.0
high-revisit-long,8,upstream-LCP,0.0,1000.0,321932.0,928.1499999999999,0.33949253284256703,320349.0
high-revisit-long,8,cost-aware-0.25,0.25,1000.0,401128.0,977.0,0.17700620228518202,396272.0
high-revisit-long,8,cost-aware-0.5,0.5,1000.0,401128.0,977.0,0.17700620228518202,396272.0
high-revisit-long,8,cost-aware-1.0,1.0,1000.0,401128.0,977.0,0.17700620228518202,396272.0
high-revisit-long,9,LRU,0.0,1000.0,506655.0,1196.999999999999,0.12506152052842895,504637.0
high-revisit-long,9,upstream-LCP,0.0,1000.0,348578.0,1015.0999999999999,0.3980434313344558,346546.0
high-revisit-long,9,cost-aware-0.25,0.25,1000.0,415368.0,1024.2499999999998,0.2827043129128351,408175.0
high-revisit-long,9,cost-aware-0.5,0.5,1000.0,415368.0,1024.2499999999998,0.2827043129128351,408175.0
high-revisit-long,9,cost-aware-1.0,1.0,1000.0,415368.0,1024.2499999999998,0.2827043129128351,408175.0
high-revisit-long,10,LRU,0.0,1000.0,431471.0,985.05,0.11735741755993781,429769.0
high-revisit-long,10,upstream-LCP,0.0,1000.0,338965.0,929.05,0.3065931593159316,337263.0
high-revisit-long,10,cost-aware-0.25,0.25,1000.0,401416.0,955.0,0.17883970215203338,396294.0
high-revisit-long,10,cost-aware-0.5,0.5,1000.0,401416.0,955.0,0.17883970215203338,396294.0
high-revisit-long,10,cost-aware-1.0,1.0,1000.0,401416.0,955.0,0.17883970215203338,396294.0
high-revisit-long,11,LRU,0.0,1000.0,413261.0,1002.1999999999998,0.11876192811677026,411614.0
high-revisit-long,11,upstream-LCP,0.0,1000.0,300568.0,878.05,0.35906856734654713,299016.0
high-revisit-long,11,cost-aware-0.25,0.25,1000.0,358183.0,897.0,0.23621029736328644,352363.0
high-revisit-long,11,cost-aware-0.5,0.5,1000.0,358183.0,897.0,0.23621029736328644,352363.0
high-revisit-long,11,cost-aware-1.0,1.0,1000.0,358183.0,897.0,0.23621029736328644,352363.0
high-revisit-long,12,LRU,0.0,1000.0,450415.0,1093.2999999999997,0.13007663723240703,448328.0
high-revisit-long,12,upstream-LCP,0.0,1000.0,319324.0,954.0999999999999,0.38326341730981683,316796.0
high-revisit-long,12,cost-aware-0.25,0.25,1000.0,407493.0,1006.05,0.2129754096460936,401884.0
high-revisit-long,12,cost-aware-0.5,0.5,1000.0,407493.0,1006.05,0.2129754096460936,401884.0
high-revisit-long,12,cost-aware-1.0,1.0,1000.0,407493.0,1006.05,0.2129754096460936,401884.0
high-revisit-long,13,LRU,0.0,1000.0,486434.0,1119.3499999999997,0.2695385530245808,484713.0
high-revisit-long,13,upstream-LCP,0.0,1000.0,322216.0,970.0,0.5161391563940192,320495.0
high-revisit-long,13,cost-aware-0.25,0.25,1000.0,375823.0,998.05,0.4356393418497823,366572.0
high-revisit-long,13,cost-aware-0.5,0.5,1000.0,375823.0,998.05,0.4356393418497823,366572.0
high-revisit-long,13,cost-aware-1.0,1.0,1000.0,375823.0,998.05,0.4356393418497823,366572.0
high-revisit-long,14,LRU,0.0,1000.0,397560.0,903.0999999999999,0.14280909196755456,395583.0
high-revisit-long,14,upstream-LCP,0.0,1000.0,287065.0,786.1499999999999,0.38105063886121854,284523.0
high-revisit-long,14,cost-aware-0.25,0.25,1000.0,352168.0,862.3499999999997,0.24068012954027004,346678.0
high-revisit-long,14,cost-aware-0.5,0.5,1000.0,352168.0,862.3499999999997,0.24068012954027004,346678.0
high-revisit-long,14,cost-aware-1.0,1.0,1000.0,352168.0,862.3499999999997,0.24068012954027004,346678.0
high-revisit-long,15,LRU,0.0,1000.0,406720.0,955.0,0.10531352082622994,404955.0
high-revisit-long,15,upstream-LCP,0.0,1000.0,298947.0,860.05,0.3423882796775152,297182.0
high-revisit-long,15,cost-aware-0.25,0.25,1000.0,372491.0,899.2499999999998,0.18060911360661688,366944.0
high-revisit-long,15,cost-aware-0.5,0.5,1000.0,372491.0,899.2499999999998,0.18060911360661688,366944.0
high-revisit-long,15,cost-aware-1.0,1.0,1000.0,372491.0,899.2499999999998,0.18060911360661688,366944.0
high-revisit-long,16,LRU,0.0,1000.0,431311.0,1079.05,0.1443702066710839,428230.0
high-revisit-long,16,upstream-LCP,0.0,1000.0,297624.0,903.05,0.4095769372686407,295052.0
high-revisit-long,16,cost-aware-0.25,0.25,1000.0,362735.0,932.0999999999999,0.2804104855123927,355522.0
high-revisit-long,16,cost-aware-0.5,0.5,1000.0,362735.0,932.0999999999999,0.2804104855123927,355522.0
high-revisit-long,16,cost-aware-1.0,1.0,1000.0,362735.0,932.0999999999999,0.2804104855123927,355522.0
high-revisit-long,17,LRU,0.0,1000.0,449355.0,1020.2499999999998,0.11055798578808812,446508.0
high-revisit-long,17,upstream-LCP,0.0,1000.0,332548.0,932.1499999999999,0.34176283129787616,329701.0
high-revisit-long,17,cost-aware-0.25,0.25,1000.0,420846.0,964.2999999999997,0.16698798519427566,415902.0
high-revisit-long,17,cost-aware-0.5,0.5,1000.0,420846.0,964.2999999999997,0.16698798519427566,415902.0
high-revisit-long,17,cost-aware-1.0,1.0,1000.0,420846.0,964.2999999999997,0.16698798519427566,415902.0
high-revisit-long,18,LRU,0.0,1000.0,497123.0,1196.4999999999995,0.1315703507273264,495583.0
high-revisit-long,18,upstream-LCP,0.0,1000.0,360743.0,1035.1,0.36981407625965385,359203.0
high-revisit-long,18,cost-aware-0.25,0.25,1000.0,424346.0,1035.1,0.2587052943632422,417250.0
high-revisit-long,18,cost-aware-0.5,0.5,1000.0,424346.0,1035.1,0.2587052943632422,417250.0
high-revisit-long,18,cost-aware-1.0,1.0,1000.0,424346.0,1035.1,0.2587052943632422,417250.0
high-revisit-long,19,LRU,0.0,1000.0,397179.0,1013.1499999999999,0.1249462976793988,395000.0
high-revisit-long,19,upstream-LCP,0.0,1000.0,291437.0,894.2999999999997,0.3579141247568249,289258.0
high-revisit-long,19,cost-aware-0.25,0.25,1000.0,356528.0,913.0999999999999,0.2145074478233761,351421.0
high-revisit-long,19,cost-aware-0.5,0.5,1000.0,356528.0,913.0999999999999,0.2145074478233761,351421.0
high-revisit-long,19,cost-aware-1.0,1.0,1000.0,356528.0,913.0999999999999,0.2145074478233761,351421.0
mixed,0,LRU,0.0,1000.0,94785.0,207.04999999999995,0.1908331127976165,94282.0
mixed,0,upstream-LCP,0.0,1000.0,84817.0,191.0,0.275928597648947,84314.0
mixed,0,cost-aware-0.25,0.25,1000.0,93447.0,201.04999999999995,0.20225544011815022,92348.0
mixed,0,cost-aware-0.5,0.5,1000.0,93447.0,201.04999999999995,0.20225544011815022,92348.0
mixed,0,cost-aware-1.0,1.0,1000.0,93447.0,201.04999999999995,0.20225544011815022,92348.0
mixed,1,LRU,0.0,1000.0,103485.0,232.04999999999995,0.19194640305465108,103031.0
mixed,1,upstream-LCP,0.0,1000.0,91000.0,211.04999999999995,0.2894344366620597,90546.0
mixed,1,cost-aware-0.25,0.25,1000.0,99946.0,218.14999999999986,0.21958037589699142,98402.0
mixed,1,cost-aware-0.5,0.5,1000.0,99946.0,218.14999999999986,0.21958037589699142,98402.0
mixed,1,cost-aware-1.0,1.0,1000.0,99946.0,218.14999999999986,0.21958037589699142,98402.0
mixed,2,LRU,0.0,1000.0,101001.0,232.0999999999999,0.19593513410236202,100583.0
mixed,2,upstream-LCP,0.0,1000.0,87349.0,217.0999999999999,0.3046181525797489,86931.0
mixed,2,cost-aware-0.25,0.25,1000.0,99068.0,231.04999999999995,0.21132366872855515,97708.0
mixed,2,cost-aware-0.5,0.5,1000.0,99068.0,231.04999999999995,0.21132366872855515,97708.0
mixed,2,cost-aware-1.0,1.0,1000.0,99068.0,231.04999999999995,0.21132366872855515,97708.0
mixed,3,LRU,0.0,1000.0,97991.0,216.0,0.18553950496201604,97653.0
mixed,3,upstream-LCP,0.0,1000.0,84095.0,194.04999999999995,0.3010372857689047,83681.0
mixed,3,cost-aware-0.25,0.25,1000.0,93271.0,204.0,0.22477018468341173,91974.0
mixed,3,cost-aware-0.5,0.5,1000.0,93271.0,204.0,0.22477018468341173,91974.0
mixed,3,cost-aware-1.0,1.0,1000.0,93271.0,204.0,0.22477018468341173,91974.0
mixed,4,LRU,0.0,1000.0,95506.0,208.04999999999995,0.19720594786789614,95132.0
mixed,4,upstream-LCP,0.0,1000.0,83991.0,194.0,0.2939974951036842,83617.0
mixed,4,cost-aware-0.25,0.25,1000.0,93178.0,205.0,0.21677439962342498,92015.0
mixed,4,cost-aware-0.5,0.5,1000.0,93178.0,205.0,0.21677439962342498,92015.0
mixed,4,cost-aware-1.0,1.0,1000.0,93178.0,205.0,0.21677439962342498,92015.0
mixed,5,LRU,0.0,1000.0,96066.0,217.0,0.2027122357686466,95723.0
mixed,5,upstream-LCP,0.0,1000.0,82937.0,197.04999999999995,0.31167473089276376,82607.0
mixed,5,cost-aware-0.25,0.25,1000.0,93074.0,209.04999999999995,0.22754396593936477,91900.0
mixed,5,cost-aware-0.5,0.5,1000.0,93074.0,209.04999999999995,0.22754396593936477,91900.0
mixed,5,cost-aware-1.0,1.0,1000.0,93074.0,209.04999999999995,0.22754396593936477,91900.0
mixed,6,LRU,0.0,1000.0,95132.0,210.0999999999999,0.19189276430913507,94666.0
mixed,6,upstream-LCP,0.0,1000.0,85018.0,193.04999999999995,0.27780703691748354,84552.0
mixed,6,cost-aware-0.25,0.25,1000.0,92321.0,200.04999999999995,0.21577105383870473,91144.0
mixed,6,cost-aware-0.5,0.5,1000.0,92321.0,200.04999999999995,0.21577105383870473,91144.0
mixed,6,cost-aware-1.0,1.0,1000.0,92321.0,200.04999999999995,0.21577105383870473,91144.0
mixed,7,LRU,0.0,1000.0,93492.0,209.0999999999999,0.20168045700233111,93012.0
mixed,7,upstream-LCP,0.0,1000.0,83301.0,191.04999999999995,0.288700463662679,82821.0
mixed,7,cost-aware-0.25,0.25,1000.0,91132.0,206.04999999999995,0.22183227877825312,90024.0
mixed,7,cost-aware-0.5,0.5,1000.0,91132.0,206.04999999999995,0.22183227877825312,90024.0
mixed,7,cost-aware-1.0,1.0,1000.0,91132.0,206.04999999999995,0.22183227877825312,90024.0
mixed,8,LRU,0.0,1000.0,101676.0,225.0,0.19007790469817903,101084.0
mixed,8,upstream-LCP,0.0,1000.0,90966.0,208.04999999999995,0.2753907183482292,90374.0
mixed,8,cost-aware-0.25,0.25,1000.0,98345.0,215.24999999999977,0.2166117032293011,96883.0
mixed,8,cost-aware-0.5,0.5,1000.0,98345.0,215.24999999999977,0.2166117032293011,96883.0
mixed,8,cost-aware-1.0,1.0,1000.0,98345.0,215.24999999999977,0.2166117032293011,96883.0
mixed,9,LRU,0.0,1000.0,92278.0,201.04999999999995,0.20412264435723834,91786.0
mixed,9,upstream-LCP,0.0,1000.0,82145.0,187.0,0.29151752986329726,81653.0
mixed,9,cost-aware-0.25,0.25,1000.0,89772.0,197.0,0.22573634050627453,88492.0
mixed,9,cost-aware-0.5,0.5,1000.0,89772.0,197.0,0.22573634050627453,88492.0
mixed,9,cost-aware-1.0,1.0,1000.0,89772.0,197.0,0.22573634050627453,88492.0
mixed,10,LRU,0.0,1000.0,100921.0,217.0,0.18783698958651882,100610.0
mixed,10,upstream-LCP,0.0,1000.0,87587.0,196.04999999999995,0.29514252144662084,87276.0
mixed,10,cost-aware-0.25,0.25,1000.0,96626.0,206.0,0.2224010558336418,95363.0
mixed,10,cost-aware-0.5,0.5,1000.0,96626.0,206.0,0.2224010558336418,95363.0
mixed,10,cost-aware-1.0,1.0,1000.0,96626.0,206.0,0.2224010558336418,95363.0
mixed,11,LRU,0.0,1000.0,93758.0,207.0999999999999,0.2034628356852184,93117.0
mixed,11,upstream-LCP,0.0,1000.0,83389.0,190.0999999999999,0.29155445300619337,82748.0
mixed,11,cost-aware-0.25,0.25,1000.0,92504.0,204.0999999999999,0.2141164076902818,91122.0
mixed,11,cost-aware-0.5,0.5,1000.0,92504.0,204.0999999999999,0.2141164076902818,91122.0
mixed,11,cost-aware-1.0,1.0,1000.0,92504.0,204.0999999999999,0.2141164076902818,91122.0
mixed,12,LRU,0.0,1000.0,96148.0,221.0,0.2095107332834557,95851.0
mixed,12,upstream-LCP,0.0,1000.0,85214.0,206.04999999999995,0.299405579169784,84917.0
mixed,12,cost-aware-0.25,0.25,1000.0,94010.0,215.04999999999995,0.2270884889542962,92623.0
mixed,12,cost-aware-0.5,0.5,1000.0,94010.0,215.04999999999995,0.2270884889542962,92623.0
mixed,12,cost-aware-1.0,1.0,1000.0,94010.0,215.04999999999995,0.2270884889542962,92623.0
mixed,13,LRU,0.0,1000.0,94527.0,217.0,0.20011000634652,93972.0
mixed,13,upstream-LCP,0.0,1000.0,84877.0,202.04999999999995,0.28176856357097524,84322.0
mixed,13,cost-aware-0.25,0.25,1000.0,93147.0,208.04999999999995,0.21178760313094985,91787.0
mixed,13,cost-aware-0.5,0.5,1000.0,93147.0,208.04999999999995,0.21178760313094985,91787.0
mixed,13,cost-aware-1.0,1.0,1000.0,93147.0,208.04999999999995,0.21178760313094985,91787.0
mixed,14,LRU,0.0,1000.0,97914.0,224.04999999999995,0.1910340725073532,97494.0
mixed,14,upstream-LCP,0.0,1000.0,86057.0,196.04999999999995,0.2889966621501041,85637.0
mixed,14,cost-aware-0.25,0.25,1000.0,93093.0,207.0999999999999,0.23086519713143197,91793.0
mixed,14,cost-aware-0.5,0.5,1000.0,93093.0,207.0999999999999,0.23086519713143197,91793.0
mixed,14,cost-aware-1.0,1.0,1000.0,93093.0,207.0999999999999,0.23086519713143197,91793.0
mixed,15,LRU,0.0,1000.0,97486.0,213.0,0.19667416545120434,97115.0
mixed,15,upstream-LCP,0.0,1000.0,86427.0,198.0999999999999,0.28780499864033027,85961.0
mixed,15,cost-aware-0.25,0.25,1000.0,95581.0,211.0,0.21237217044490042,94425.0
mixed,15,cost-aware-0.5,0.5,1000.0,95581.0,211.0,0.21237217044490042,94425.0
mixed,15,cost-aware-1.0,1.0,1000.0,95581.0,211.0,0.21237217044490042,94425.0
mixed,16,LRU,0.0,1000.0,97526.0,215.0,0.1932666060054595,96773.0
mixed,16,upstream-LCP,0.0,1000.0,86754.0,199.04999999999995,0.2823724046653983,86001.0
mixed,16,cost-aware-0.25,0.25,1000.0,93564.0,206.0,0.22604020183638018,92214.0
mixed,16,cost-aware-0.5,0.5,1000.0,93564.0,206.0,0.22604020183638018,92214.0
mixed,16,cost-aware-1.0,1.0,1000.0,93564.0,206.0,0.22604020183638018,92214.0
mixed,17,LRU,0.0,1000.0,98195.0,228.0999999999999,0.1971563826047143,97901.0
mixed,17,upstream-LCP,0.0,1000.0,88226.0,214.04999999999995,0.2786630583195022,87932.0
mixed,17,cost-aware-0.25,0.25,1000.0,97480.0,221.04999999999995,0.203002232051607,96291.0
mixed,17,cost-aware-0.5,0.5,1000.0,97480.0,221.04999999999995,0.203002232051607,96291.0
mixed,17,cost-aware-1.0,1.0,1000.0,97480.0,221.04999999999995,0.203002232051607,96291.0
mixed,18,LRU,0.0,1000.0,103470.0,227.0999999999999,0.19314717051754926,103041.0
mixed,18,upstream-LCP,0.0,1000.0,91934.0,217.0999999999999,0.2831042038693377,91505.0
mixed,18,cost-aware-0.25,0.25,1000.0,103029.0,230.04999999999995,0.19658606196242953,101675.0
mixed,18,cost-aware-0.5,0.5,1000.0,103029.0,230.04999999999995,0.19658606196242953,101675.0
mixed,18,cost-aware-1.0,1.0,1000.0,103029.0,230.04999999999995,0.19658606196242953,101675.0
mixed,19,LRU,0.0,1000.0,98359.0,218.0,0.19759340838635991,97914.0
mixed,19,upstream-LCP,0.0,1000.0,84684.0,199.0,0.30915320606950564,84239.0
mixed,19,cost-aware-0.25,0.25,1000.0,96188.0,213.0,0.21530429107521618,94971.0
mixed,19,cost-aware-0.5,0.5,1000.0,96188.0,213.0,0.21530429107521618,94971.0
mixed,19,cost-aware-1.0,1.0,1000.0,96188.0,213.0,0.21530429107521618,94971.0
one-shot,0,LRU,0.0,1000.0,35437.0,65.04999999999995,0.3604237731694551,35223.0
one-shot,0,upstream-LCP,0.0,1000.0,35319.0,63.049999999999955,0.36255346797336074,35105.0
one-shot,0,cost-aware-0.25,0.25,1000.0,35338.0,64.0,0.3622105510134099,34892.0
one-shot,0,cost-aware-0.5,0.5,1000.0,35338.0,64.0,0.3622105510134099,34892.0
one-shot,0,cost-aware-1.0,1.0,1000.0,35338.0,64.0,0.3622105510134099,34892.0
one-shot,1,LRU,0.0,1000.0,36091.0,66.0,0.35613872337388947,35804.0
one-shot,1,upstream-LCP,0.0,1000.0,35987.0,66.0,0.35799407713990083,35700.0
one-shot,1,cost-aware-0.25,0.25,1000.0,35882.0,65.04999999999995,0.35986727084597,35358.0
one-shot,1,cost-aware-0.5,0.5,1000.0,35882.0,65.04999999999995,0.35986727084597,35358.0
one-shot,1,cost-aware-1.0,1.0,1000.0,35882.0,65.04999999999995,0.35986727084597,35358.0
one-shot,2,LRU,0.0,1000.0,34763.0,62.049999999999955,0.36472286690667205,34531.0
one-shot,2,upstream-LCP,0.0,1000.0,34510.0,62.0,0.3693463204254308,34278.0
one-shot,2,cost-aware-0.25,0.25,1000.0,34671.0,62.0,0.3664041227316752,34279.0
one-shot,2,cost-aware-0.5,0.5,1000.0,34671.0,62.0,0.3664041227316752,34279.0
one-shot,2,cost-aware-1.0,1.0,1000.0,34671.0,62.0,0.3664041227316752,34279.0
one-shot,3,LRU,0.0,1000.0,35142.0,65.0,0.36177400021793615,34900.0
one-shot,3,upstream-LCP,0.0,1000.0,34966.0,63.0,0.3649703970070103,34724.0
one-shot,3,cost-aware-0.25,0.25,1000.0,35070.0,64.04999999999995,0.36308161708619374,34633.0
one-shot,3,cost-aware-0.5,0.5,1000.0,35070.0,64.04999999999995,0.36308161708619374,34633.0
one-shot,3,cost-aware-1.0,1.0,1000.0,35070.0,64.04999999999995,0.36308161708619374,34633.0
one-shot,4,LRU,0.0,1000.0,34540.0,58.049999999999955,0.3662269032459311,34369.0
one-shot,4,upstream-LCP,0.0,1000.0,34443.0,57.049999999999955,0.36800675241747555,34272.0
one-shot,4,cost-aware-0.25,0.25,1000.0,34445.0,58.0,0.3679700544964128,34008.0
one-shot,4,cost-aware-0.5,0.5,1000.0,34445.0,58.0,0.3679700544964128,34008.0
one-shot,4,cost-aware-1.0,1.0,1000.0,34445.0,58.0,0.3679700544964128,34008.0
one-shot,5,LRU,0.0,1000.0,35107.0,66.0,0.363161427249805,34906.0
one-shot,5,upstream-LCP,0.0,1000.0,35037.0,65.04999999999995,0.36443122244997916,34836.0
one-shot,5,cost-aware-0.25,0.25,1000.0,35032.0,66.0,0.3645219221071344,34568.0
one-shot,5,cost-aware-0.5,0.5,1000.0,35032.0,66.0,0.3645219221071344,34568.0
one-shot,5,cost-aware-1.0,1.0,1000.0,35032.0,66.0,0.3645219221071344,34568.0
one-shot,6,LRU,0.0,1000.0,34584.0,61.049999999999955,0.3665005861664713,34377.0
one-shot,6,upstream-LCP,0.0,1000.0,34512.0,59.09999999999991,0.3678194607268464,34305.0
one-shot,6,cost-aware-0.25,0.25,1000.0,34557.0,59.09999999999991,0.366995164126612,34124.0
one-shot,6,cost-aware-0.5,0.5,1000.0,34557.0,59.09999999999991,0.366995164126612,34124.0
one-shot,6,cost-aware-1.0,1.0,1000.0,34557.0,59.09999999999991,0.366995164126612,34124.0
one-shot,7,LRU,0.0,1000.0,34942.0,64.04999999999995,0.36358006702608187,34730.0
one-shot,7,upstream-LCP,0.0,1000.0,34785.0,64.0,0.3664396036718636,34573.0
one-shot,7,cost-aware-0.25,0.25,1000.0,34753.0,62.049999999999955,0.36702243916654526,34317.0
one-shot,7,cost-aware-0.5,0.5,1000.0,34753.0,62.049999999999955,0.36702243916654526,34317.0
one-shot,7,cost-aware-1.0,1.0,1000.0,34753.0,62.049999999999955,0.36702243916654526,34317.0
one-shot,8,LRU,0.0,1000.0,35915.0,67.04999999999995,0.3574214556644958,35735.0
one-shot,8,upstream-LCP,0.0,1000.0,35756.0,66.0,0.360266227724898,35576.0
one-shot,8,cost-aware-0.25,0.25,1000.0,35849.0,66.04999999999995,0.3586023044442854,35415.0
one-shot,8,cost-aware-0.5,0.5,1000.0,35849.0,66.04999999999995,0.3586023044442854,35415.0
one-shot,8,cost-aware-1.0,1.0,1000.0,35849.0,66.04999999999995,0.3586023044442854,35415.0
one-shot,9,LRU,0.0,1000.0,35261.0,63.0,0.3609938203367101,34980.0
one-shot,9,upstream-LCP,0.0,1000.0,35058.0,63.0,0.36467262282307317,34777.0
one-shot,9,cost-aware-0.25,0.25,1000.0,35261.0,63.0,0.3609938203367101,34836.0
one-shot,9,cost-aware-0.5,0.5,1000.0,35261.0,63.0,0.3609938203367101,34836.0
one-shot,9,cost-aware-1.0,1.0,1000.0,35261.0,63.0,0.3609938203367101,34836.0
one-shot,10,LRU,0.0,1000.0,35981.0,69.0,0.356344251444518,35744.0
one-shot,10,upstream-LCP,0.0,1000.0,35747.0,67.0,0.36053022307293253,35510.0
one-shot,10,cost-aware-0.25,0.25,1000.0,35736.0,67.04999999999995,0.36072699951700327,35274.0
one-shot,10,cost-aware-0.5,0.5,1000.0,35736.0,67.04999999999995,0.36072699951700327,35274.0
one-shot,10,cost-aware-1.0,1.0,1000.0,35736.0,67.04999999999995,0.36072699951700327,35274.0
one-shot,11,LRU,0.0,1000.0,34871.0,64.0,0.36356335894581226,34678.0
one-shot,11,upstream-LCP,0.0,1000.0,34597.0,64.0,0.36856418024858095,34404.0
one-shot,11,cost-aware-0.25,0.25,1000.0,34631.0,64.0,0.3679436403788943,34238.0
one-shot,11,cost-aware-0.5,0.5,1000.0,34631.0,64.0,0.3679436403788943,34238.0
one-shot,11,cost-aware-1.0,1.0,1000.0,34631.0,64.0,0.3679436403788943,34238.0
one-shot,12,LRU,0.0,1000.0,35075.0,62.0,0.36296767163094806,34895.0
one-shot,12,upstream-LCP,0.0,1000.0,35027.0,61.049999999999955,0.3638394478750454,34847.0
one-shot,12,cost-aware-0.25,0.25,1000.0,34782.0,59.049999999999955,0.36828913912095895,34321.0
one-shot,12,cost-aware-0.5,0.5,1000.0,34782.0,59.049999999999955,0.36828913912095895,34321.0
one-shot,12,cost-aware-1.0,1.0,1000.0,34782.0,59.049999999999955,0.36828913912095895,34321.0
one-shot,13,LRU,0.0,1000.0,35271.0,65.04999999999995,0.3614952932657495,35082.0
one-shot,13,upstream-LCP,0.0,1000.0,35091.0,64.04999999999995,0.3647538015930485,34902.0
one-shot,13,cost-aware-0.25,0.25,1000.0,35171.0,65.0,0.3633055756698045,34732.0
one-shot,13,cost-aware-0.5,0.5,1000.0,35171.0,65.0,0.3633055756698045,34732.0
one-shot,13,cost-aware-1.0,1.0,1000.0,35171.0,65.0,0.3633055756698045,34732.0
one-shot,14,LRU,0.0,1000.0,35549.0,65.0,0.35940822431253827,35294.0
one-shot,14,upstream-LCP,0.0,1000.0,35290.0,64.0,0.3640753955382564,35035.0
one-shot,14,cost-aware-0.25,0.25,1000.0,35381.0,64.04999999999995,0.3624355786211122,34944.0
one-shot,14,cost-aware-0.5,0.5,1000.0,35381.0,64.04999999999995,0.3624355786211122,34944.0
one-shot,14,cost-aware-1.0,1.0,1000.0,35381.0,64.04999999999995,0.3624355786211122,34944.0
one-shot,15,LRU,0.0,1000.0,35844.0,70.0,0.3579910802242482,35625.0
one-shot,15,upstream-LCP,0.0,1000.0,35692.0,69.04999999999995,0.3607135820601458,35473.0
one-shot,15,cost-aware-0.25,0.25,1000.0,35735.0,69.04999999999995,0.3599434006197274,35237.0
one-shot,15,cost-aware-0.5,0.5,1000.0,35735.0,69.04999999999995,0.3599434006197274,35237.0
one-shot,15,cost-aware-1.0,1.0,1000.0,35735.0,69.04999999999995,0.3599434006197274,35237.0
one-shot,16,LRU,0.0,1000.0,36066.0,70.0,0.35668801170112197,35847.0
one-shot,16,upstream-LCP,0.0,1000.0,35876.0,70.0,0.3600770561689528,35657.0
one-shot,16,cost-aware-0.25,0.25,1000.0,35854.0,70.0,0.3604694718441753,35374.0
one-shot,16,cost-aware-0.5,0.5,1000.0,35854.0,70.0,0.3604694718441753,35374.0
one-shot,16,cost-aware-1.0,1.0,1000.0,35854.0,70.0,0.3604694718441753,35374.0
one-shot,17,LRU,0.0,1000.0,35175.0,66.0,0.36277173913043476,34957.0
one-shot,17,upstream-LCP,0.0,1000.0,35074.0,65.0,0.3646014492753623,34856.0
one-shot,17,cost-aware-0.25,0.25,1000.0,35238.0,66.0,0.3616304347826087,34821.0
one-shot,17,cost-aware-0.5,0.5,1000.0,35238.0,66.0,0.3616304347826087,34821.0
one-shot,17,cost-aware-1.0,1.0,1000.0,35238.0,66.0,0.3616304347826087,34821.0
one-shot,18,LRU,0.0,1000.0,36082.0,66.0,0.356035052024772,35878.0
one-shot,18,upstream-LCP,0.0,1000.0,35971.0,66.0,0.35801609823133623,35767.0
one-shot,18,cost-aware-0.25,0.25,1000.0,36047.0,66.0,0.356659706234049,35617.0
one-shot,18,cost-aware-0.5,0.5,1000.0,36047.0,66.0,0.356659706234049,35617.0
one-shot,18,cost-aware-1.0,1.0,1000.0,36047.0,66.0,0.356659706234049,35617.0
one-shot,19,LRU,0.0,1000.0,35557.0,68.0,0.35997912016703865,35386.0
one-shot,19,upstream-LCP,0.0,1000.0,35402.0,67.0,0.3627690978472172,35231.0
one-shot,19,cost-aware-0.25,0.25,1000.0,35474.0,67.0,0.3614731082151343,35029.0
one-shot,19,cost-aware-0.5,0.5,1000.0,35474.0,67.0,0.3614731082151343,35029.0
one-shot,19,cost-aware-1.0,1.0,1000.0,35474.0,67.0,0.3614731082151343,35029.0
cache-pressure,0,LRU,0.0,1000.0,312262.0,679.1999999999998,0.07848987336915944,311060.0
cache-pressure,0,upstream-LCP,0.0,1000.0,288125.0,673.05,0.14972009006696,286923.0
cache-pressure,0,cost-aware-0.25,0.25,1000.0,293462.0,644.0999999999999,0.13397017638604847,290072.0
cache-pressure,0,cost-aware-0.5,0.5,1000.0,293462.0,644.0999999999999,0.13397017638604847,290072.0
cache-pressure,0,cost-aware-1.0,1.0,1000.0,293462.0,644.0999999999999,0.13397017638604847,290072.0
cache-pressure,1,LRU,0.0,1000.0,370223.0,866.5499999999995,0.08172214767431189,368359.0
cache-pressure,1,upstream-LCP,0.0,1000.0,331929.0,830.05,0.17670417763182372,330344.0
cache-pressure,1,cost-aware-0.25,0.25,1000.0,342567.0,795.0,0.15031835127030466,337355.0
cache-pressure,1,cost-aware-0.5,0.5,1000.0,342567.0,795.0,0.15031835127030466,337355.0
cache-pressure,1,cost-aware-1.0,1.0,1000.0,342567.0,795.0,0.15031835127030466,337355.0
cache-pressure,2,LRU,0.0,1000.0,333152.0,793.05,0.08744730563689304,332347.0
cache-pressure,2,upstream-LCP,0.0,1000.0,301753.0,771.05,0.17345381933126436,300948.0
cache-pressure,2,cost-aware-0.25,0.25,1000.0,319572.0,759.05,0.1246449379172065,315935.0
cache-pressure,2,cost-aware-0.5,0.5,1000.0,319572.0,759.05,0.1246449379172065,315935.0
cache-pressure,2,cost-aware-1.0,1.0,1000.0,319572.0,759.05,0.1246449379172065,315935.0
cache-pressure,3,LRU,0.0,1000.0,348634.0,806.0999999999999,0.07895244360256684,347026.0
cache-pressure,3,upstream-LCP,0.0,1000.0,316223.0,762.4499999999996,0.16457826423508462,314615.0
cache-pressure,3,cost-aware-0.25,0.25,1000.0,325950.0,740.5999999999995,0.13888074310668685,321381.0
cache-pressure,3,cost-aware-0.5,0.5,1000.0,325950.0,740.5999999999995,0.13888074310668685,321381.0
cache-pressure,3,cost-aware-1.0,1.0,1000.0,325950.0,740.5999999999995,0.13888074310668685,321381.0
cache-pressure,4,LRU,0.0,1000.0,377069.0,922.4499999999996,0.0839680006219132,375845.0
cache-pressure,4,upstream-LCP,0.0,1000.0,332495.0,851.0,0.19225377945888691,331271.0
cache-pressure,4,cost-aware-0.25,0.25,1000.0,343496.0,808.05,0.1655285169070507,338387.0
cache-pressure,4,cost-aware-0.5,0.5,1000.0,343496.0,808.05,0.1655285169070507,338387.0
cache-pressure,4,cost-aware-1.0,1.0,1000.0,343496.0,808.05,0.1655285169070507,338387.0
cache-pressure,5,LRU,0.0,1000.0,356792.0,824.2499999999998,0.1067068590828518,354330.0
cache-pressure,5,upstream-LCP,0.0,1000.0,312521.0,792.1499999999999,0.21754729452294874,310059.0
cache-pressure,5,cost-aware-0.25,0.25,1000.0,327866.0,778.1999999999998,0.17912831862838371,322262.0
cache-pressure,5,cost-aware-0.5,0.5,1000.0,327866.0,778.1999999999998,0.17912831862838371,322262.0
cache-pressure,5,cost-aware-1.0,1.0,1000.0,327866.0,778.1999999999998,0.17912831862838371,322262.0
cache-pressure,6,LRU,0.0,1000.0,311532.0,702.6499999999994,0.07993821600181926,310677.0
cache-pressure,6,upstream-LCP,0.0,1000.0,286499.0,688.0999999999999,0.15386932625317853,285644.0
cache-pressure,6,cost-aware-0.25,0.25,1000.0,298597.0,679.05,0.11813974642571301,294838.0
cache-pressure,6,cost-aware-0.5,0.5,1000.0,298597.0,679.05,0.11813974642571301,294838.0
cache-pressure,6,cost-aware-1.0,1.0,1000.0,298597.0,679.05,0.11813974642571301,294838.0
cache-pressure,7,LRU,0.0,1000.0,355762.0,837.2999999999997,0.09877772289141366,355150.0
cache-pressure,7,upstream-LCP,0.0,1000.0,308485.0,765.2999999999997,0.21854061379843193,307873.0
cache-pressure,7,cost-aware-0.25,0.25,1000.0,328374.0,770.05,0.1681574647566212,323352.0
cache-pressure,7,cost-aware-0.5,0.5,1000.0,328374.0,770.05,0.1681574647566212,323352.0
cache-pressure,7,cost-aware-1.0,1.0,1000.0,328374.0,770.05,0.1681574647566212,323352.0
cache-pressure,8,LRU,0.0,1000.0,312993.0,719.1999999999998,0.10036474845578323,311187.0
cache-pressure,8,upstream-LCP,0.0,1000.0,283746.0,680.05,0.18442935118464204,281940.0
cache-pressure,8,cost-aware-0.25,0.25,1000.0,294639.0,669.5499999999995,0.15311961967284737,290192.0
cache-pressure,8,cost-aware-0.5,0.5,1000.0,294639.0,669.5499999999995,0.15311961967284737,290192.0
cache-pressure,8,cost-aware-1.0,1.0,1000.0,294639.0,669.5499999999995,0.15311961967284737,290192.0
cache-pressure,9,LRU,0.0,1000.0,349082.0,775.2999999999997,0.10115432052671829,347943.0
cache-pressure,9,upstream-LCP,0.0,1000.0,308784.0,738.05,0.2049169986121375,307645.0
cache-pressure,9,cost-aware-0.25,0.25,1000.0,301257.0,690.3499999999997,0.22429815097575231,295644.0
cache-pressure,9,cost-aware-0.5,0.5,1000.0,301257.0,690.3499999999997,0.22429815097575231,295644.0
cache-pressure,9,cost-aware-1.0,1.0,1000.0,301257.0,690.3499999999997,0.22429815097575231,295644.0
cache-pressure,10,LRU,0.0,1000.0,361993.0,787.05,0.1905452967983435,359862.0
cache-pressure,10,upstream-LCP,0.0,1000.0,317089.0,742.2499999999998,0.2909553986306087,314958.0
cache-pressure,10,cost-aware-0.25,0.25,1000.0,317941.0,725.05,0.28905023635639954,310982.0
cache-pressure,10,cost-aware-0.5,0.5,1000.0,317941.0,725.05,0.28905023635639954,310982.0
cache-pressure,10,cost-aware-1.0,1.0,1000.0,317941.0,725.05,0.28905023635639954,310982.0
cache-pressure,11,LRU,0.0,1000.0,372049.0,961.9499999999991,0.08022951678854492,370088.0
cache-pressure,11,upstream-LCP,0.0,1000.0,319176.0,842.0999999999999,0.21094086061379178,317634.0
cache-pressure,11,cost-aware-0.25,0.25,1000.0,321233.0,783.1999999999998,0.20585559527517788,315119.0
cache-pressure,11,cost-aware-0.5,0.5,1000.0,321233.0,783.1999999999998,0.20585559527517788,315119.0
cache-pressure,11,cost-aware-1.0,1.0,1000.0,321233.0,783.1999999999998,0.20585559527517788,315119.0
cache-pressure,12,LRU,0.0,1000.0,347343.0,796.05,0.1005531185424187,346469.0
cache-pressure,12,upstream-LCP,0.0,1000.0,300207.0,723.0999999999999,0.22261208677953462,299333.0
cache-pressure,12,cost-aware-0.25,0.25,1000.0,305326.0,708.4999999999995,0.20935640410799278,299458.0
cache-pressure,12,cost-aware-0.5,0.5,1000.0,305326.0,708.4999999999995,0.20935640410799278,299458.0
cache-pressure,12,cost-aware-1.0,1.0,1000.0,305326.0,708.4999999999995,0.20935640410799278,299458.0
cache-pressure,13,LRU,0.0,1000.0,336412.0,781.0999999999999,0.08774574938308431,334220.0
cache-pressure,13,upstream-LCP,0.0,1000.0,307087.0,737.4999999999995,0.1672668601025029,305419.0
cache-pressure,13,cost-aware-0.25,0.25,1000.0,322150.0,734.0999999999999,0.12642026195189413,317782.0
cache-pressure,13,cost-aware-0.5,0.5,1000.0,322150.0,734.0999999999999,0.12642026195189413,317782.0
cache-pressure,13,cost-aware-1.0,1.0,1000.0,322150.0,734.0999999999999,0.12642026195189413,317782.0
cache-pressure,14,LRU,0.0,1000.0,365806.0,917.0,0.08851114300522266,364706.0
cache-pressure,14,upstream-LCP,0.0,1000.0,316206.0,805.1499999999999,0.21210082526013635,315106.0
cache-pressure,14,cost-aware-0.25,0.25,1000.0,330798.0,776.05,0.1757415380935295,325420.0
cache-pressure,14,cost-aware-0.5,0.5,1000.0,330798.0,776.05,0.1757415380935295,325420.0
cache-pressure,14,cost-aware-1.0,1.0,1000.0,330798.0,776.05,0.1757415380935295,325420.0
cache-pressure,15,LRU,0.0,1000.0,306344.0,697.1499999999999,0.09934849589575934,305440.0
cache-pressure,15,upstream-LCP,0.0,1000.0,280860.0,666.0,0.17427146788343487,279956.0
cache-pressure,15,cost-aware-0.25,0.25,1000.0,294128.0,654.05,0.13526354164216667,289973.0
cache-pressure,15,cost-aware-0.5,0.5,1000.0,294128.0,654.05,0.13526354164216667,289973.0
cache-pressure,15,cost-aware-1.0,1.0,1000.0,294128.0,654.05,0.13526354164216667,289973.0
cache-pressure,16,LRU,0.0,1000.0,347491.0,795.0999999999999,0.0920276657843647,345803.0
cache-pressure,16,upstream-LCP,0.0,1000.0,320217.0,766.1499999999999,0.16329292860670322,318529.0
cache-pressure,16,cost-aware-0.25,0.25,1000.0,312377.0,706.1499999999999,0.1837783601725584,307023.0
cache-pressure,16,cost-aware-0.5,0.5,1000.0,312377.0,706.1499999999999,0.1837783601725584,307023.0
cache-pressure,16,cost-aware-1.0,1.0,1000.0,312377.0,706.1499999999999,0.1837783601725584,307023.0
cache-pressure,17,LRU,0.0,1000.0,328463.0,769.05,0.08439817137759938,326800.0
cache-pressure,17,upstream-LCP,0.0,1000.0,298614.0,727.2999999999997,0.1676032781401572,296951.0
cache-pressure,17,cost-aware-0.25,0.25,1000.0,312444.0,703.3999999999996,0.12905168088309082,308174.0
cache-pressure,17,cost-aware-0.5,0.5,1000.0,312444.0,703.3999999999996,0.12905168088309082,308174.0
cache-pressure,17,cost-aware-1.0,1.0,1000.0,312444.0,703.3999999999996,0.12905168088309082,308174.0
cache-pressure,18,LRU,0.0,1000.0,377212.0,878.05,0.07724748648450304,375094.0
cache-pressure,18,upstream-LCP,0.0,1000.0,331694.0,794.1999999999998,0.18859561143863598,329576.0
cache-pressure,18,cost-aware-0.25,0.25,1000.0,342337.0,787.0999999999999,0.16256023875339418,336701.0
cache-pressure,18,cost-aware-0.5,0.5,1000.0,342337.0,787.0999999999999,0.16256023875339418,336701.0
cache-pressure,18,cost-aware-1.0,1.0,1000.0,342337.0,787.0999999999999,0.16256023875339418,336701.0
cache-pressure,19,LRU,0.0,1000.0,366259.0,919.2499999999998,0.08053903565035987,365245.0
cache-pressure,19,upstream-LCP,0.0,1000.0,330119.0,884.1999999999998,0.17126532292683908,329105.0
cache-pressure,19,cost-aware-0.25,0.25,1000.0,335100.0,812.1499999999999,0.15876096108610463,330403.0
cache-pressure,19,cost-aware-0.5,0.5,1000.0,335100.0,812.1499999999999,0.15876096108610463,330403.0
cache-pressure,19,cost-aware-1.0,1.0,1000.0,335100.0,812.1499999999999,0.15876096108610463,330403.0
